[
    { "_id": "64c7b1f7c19a0b6c1f789002", "stateName": "Alabama", "countryId": "64c7b1f7c19a0b6c1f789001" },
    { "_id": "64c7b1f7c19a0b6c1f789003", "stateName": "Alaska", "countryId": "64c7b1f7c19a0b6c1f789001" },
    { "_id": "64c7b1f7c19a0b6c1f789004", "stateName": "Arizona", "countryId": "64c7b1f7c19a0b6c1f789001" },
    { "_id": "64c7b1f7c19a0b6c1f789005", "stateName": "Arkansas", "countryId": "64c7b1f7c19a0b6c1f789001" },
    { "_id": "64c7b1f7c19a0b6c1f789006", "stateName": "California", "countryId": "64c7b1f7c19a0b6c1f789001" },
    { "_id": "64c7b1f7c19a0b6c1f789007", "stateName": "Colorado", "countryId": "64c7b1f7c19a0b6c1f789001" },
    { "_id": "64c7b1f7c19a0b6c1f789008", "stateName": "Connecticut", "countryId": "64c7b1f7c19a0b6c1f789001" },
    { "_id": "64c7b1f7c19a0b6c1f789009", "stateName": "Delaware", "countryId": "64c7b1f7c19a0b6c1f789001" },
    { "_id": "64c7b1f7c19a0b6c1f78900a", "stateName": "Florida", "countryId": "64c7b1f7c19a0b6c1f789001" },
    { "_id": "64c7b1f7c19a0b6c1f78900b", "stateName": "Georgia", "countryId": "64c7b1f7c19a0b6c1f789001" },
    { "_id": "64c7b1f7c19a0b6c1f78900c", "stateName": "Hawaii", "countryId": "64c7b1f7c19a0b6c1f789001" },
    { "_id": "64c7b1f7c19a0b6c1f78900d", "stateName": "Idaho", "countryId": "64c7b1f7c19a0b6c1f789001" },
    { "_id": "64c7b1f7c19a0b6c1f78900e", "stateName": "Illinois", "countryId": "64c7b1f7c19a0b6c1f789001" },
    { "_id": "64c7b1f7c19a0b6c1f78900f", "stateName": "Indiana", "countryId": "64c7b1f7c19a0b6c1f789001" },
    { "_id": "64c7b1f7c19a0b6c1f789010", "stateName": "Iowa", "countryId": "64c7b1f7c19a0b6c1f789001" },
    { "_id": "64c7b1f7c19a0b6c1f789011", "stateName": "Kansas", "countryId": "64c7b1f7c19a0b6c1f789001" },
    { "_id": "64c7b1f7c19a0b6c1f789012", "stateName": "Kentucky", "countryId": "64c7b1f7c19a0b6c1f789001" },
    { "_id": "64c7b1f7c19a0b6c1f789013", "stateName": "Louisiana", "countryId": "64c7b1f7c19a0b6c1f789001" },
    { "_id": "64c7b1f7c19a0b6c1f789014", "stateName": "Maine", "countryId": "64c7b1f7c19a0b6c1f789001" },
    { "_id": "64c7b1f7c19a0b6c1f789015", "stateName": "Maryland", "countryId": "64c7b1f7c19a0b6c1f789001" },
    { "_id": "64c7b1f7c19a0b6c1f789016", "stateName": "Massachusetts", "countryId": "64c7b1f7c19a0b6c1f789001" },
    { "_id": "64c7b1f7c19a0b6c1f789017", "stateName": "Michigan", "countryId": "64c7b1f7c19a0b6c1f789001" },
    { "_id": "64c7b1f7c19a0b6c1f789018", "stateName": "Minnesota", "countryId": "64c7b1f7c19a0b6c1f789001" },
    { "_id": "64c7b1f7c19a0b6c1f789019", "stateName": "Mississippi", "countryId": "64c7b1f7c19a0b6c1f789001" },
    { "_id": "64c7b1f7c19a0b6c1f78901a", "stateName": "Missouri", "countryId": "64c7b1f7c19a0b6c1f789001" },
    { "_id": "64c7b1f7c19a0b6c1f78901b", "stateName": "Montana", "countryId": "64c7b1f7c19a0b6c1f789001" },
    { "_id": "64c7b1f7c19a0b6c1f78901c", "stateName": "Nebraska", "countryId": "64c7b1f7c19a0b6c1f789001" },
    { "_id": "64c7b1f7c19a0b6c1f78901d", "stateName": "Nevada", "countryId": "64c7b1f7c19a0b6c1f789001" },
    { "_id": "64c7b1f7c19a0b6c1f78901e", "stateName": "New Hampshire", "countryId": "64c7b1f7c19a0b6c1f789001" },
    { "_id": "64c7b1f7c19a0b6c1f78901f", "stateName": "New Jersey", "countryId": "64c7b1f7c19a0b6c1f789001" },
    { "_id": "64c7b1f7c19a0b6c1f789020", "stateName": "New Mexico", "countryId": "64c7b1f7c19a0b6c1f789001" },
    { "_id": "64c7b1f7c19a0b6c1f789021", "stateName": "New York", "countryId": "64c7b1f7c19a0b6c1f789001" },
    { "_id": "64c7b1f7c19a0b6c1f789022", "stateName": "North Carolina", "countryId": "64c7b1f7c19a0b6c1f789001" },
    { "_id": "64c7b1f7c19a0b6c1f789023", "stateName": "North Dakota", "countryId": "64c7b1f7c19a0b6c1f789001" },
    { "_id": "64c7b1f7c19a0b6c1f789024", "stateName": "Ohio", "countryId": "64c7b1f7c19a0b6c1f789001" },
    { "_id": "64c7b1f7c19a0b6c1f789025", "stateName": "Oklahoma", "countryId": "64c7b1f7c19a0b6c1f789001" },
    { "_id": "64c7b1f7c19a0b6c1f789026", "stateName": "Oregon", "countryId": "64c7b1f7c19a0b6c1f789001" },
    { "_id": "64c7b1f7c19a0b6c1f789027", "stateName": "Pennsylvania", "countryId": "64c7b1f7c19a0b6c1f789001" },
    { "_id": "64c7b1f7c19a0b6c1f789028", "stateName": "Rhode Island", "countryId": "64c7b1f7c19a0b6c1f789001" },
    { "_id": "64c7b1f7c19a0b6c1f789029", "stateName": "South Carolina", "countryId": "64c7b1f7c19a0b6c1f789001" },
    { "_id": "64c7b1f7c19a0b6c1f78902a", "stateName": "South Dakota", "countryId": "64c7b1f7c19a0b6c1f789001" },
    { "_id": "64c7b1f7c19a0b6c1f78902b", "stateName": "Tennessee", "countryId": "64c7b1f7c19a0b6c1f789001" },
    { "_id": "64c7b1f7c19a0b6c1f78902c", "stateName": "Texas", "countryId": "64c7b1f7c19a0b6c1f789001" },
    { "_id": "64c7b1f7c19a0b6c1f78902d", "stateName": "Utah", "countryId": "64c7b1f7c19a0b6c1f789001" },
    { "_id": "64c7b1f7c19a0b6c1f78902e", "stateName": "Vermont", "countryId": "64c7b1f7c19a0b6c1f789001" },
    { "_id": "64c7b1f7c19a0b6c1f78902f", "stateName": "Virginia", "countryId": "64c7b1f7c19a0b6c1f789001" },
    { "_id": "64c7b1f7c19a0b6c1f789030", "stateName": "Washington", "countryId": "64c7b1f7c19a0b6c1f789001" },
    { "_id": "64c7b1f7c19a0b6c1f789031", "stateName": "West Virginia", "countryId": "64c7b1f7c19a0b6c1f789001" },
    { "_id": "64c7b1f7c19a0b6c1f789032", "stateName": "Wisconsin", "countryId": "64c7b1f7c19a0b6c1f789001" },
    { "_id": "64c7b1f7c19a0b6c1f789033", "stateName": "Wyoming", "countryId": "64c7b1f7c19a0b6c1f789001" },

    { "_id": "64c7b1f7c19a0b6c1f789035", "stateName": "Alberta", "countryId": "64c7b1f7c19a0b6c1f789034" },
      { "_id": "64c7b1f7c19a0b6c1f789036", "stateName": "British Columbia", "countryId": "64c7b1f7c19a0b6c1f789034" },
      { "_id": "64c7b1f7c19a0b6c1f789037", "stateName": "Manitoba", "countryId": "64c7b1f7c19a0b6c1f789034" },
      { "_id": "64c7b1f7c19a0b6c1f789038", "stateName": "New Brunswick", "countryId": "64c7b1f7c19a0b6c1f789034" },
      { "_id": "64c7b1f7c19a0b6c1f789039", "stateName": "Newfoundland and Labrador", "countryId": "64c7b1f7c19a0b6c1f789034" },
      { "_id": "64c7b1f7c19a0b6c1f78903a", "stateName": "Nova Scotia", "countryId": "64c7b1f7c19a0b6c1f789034" },
      { "_id": "64c7b1f7c19a0b6c1f78903b", "stateName": "Ontario", "countryId": "64c7b1f7c19a0b6c1f789034" },
      { "_id": "64c7b1f7c19a0b6c1f78903c", "stateName": "Prince Edward Island", "countryId": "64c7b1f7c19a0b6c1f789034" },
      { "_id": "64c7b1f7c19a0b6c1f78903d", "stateName": "Quebec", "countryId": "64c7b1f7c19a0b6c1f789034" },
      { "_id": "64c7b1f7c19a0b6c1f78903e", "stateName": "Saskatchewan", "countryId": "64c7b1f7c19a0b6c1f789034" },

      { "_id": "64c7b1f7c19a0b6c1f789040", "stateName": "Australian Capital Territory", "countryId": "64c7b1f7c19a0b6c1f78903f" },
      { "_id": "64c7b1f7c19a0b6c1f789041", "stateName": "New South Wales", "countryId": "64c7b1f7c19a0b6c1f78903f" },
      { "_id": "64c7b1f7c19a0b6c1f789042", "stateName": "Northern Territory", "countryId": "64c7b1f7c19a0b6c1f78903f" },
      { "_id": "64c7b1f7c19a0b6c1f789043", "stateName": "Queensland", "countryId": "64c7b1f7c19a0b6c1f78903f" },
      { "_id": "64c7b1f7c19a0b6c1f789044", "stateName": "South Australia", "countryId": "64c7b1f7c19a0b6c1f78903f" },
      { "_id": "64c7b1f7c19a0b6c1f789045", "stateName": "Tasmania", "countryId": "64c7b1f7c19a0b6c1f78903f" },
      { "_id": "64c7b1f7c19a0b6c1f789046", "stateName": "Victoria", "countryId": "64c7b1f7c19a0b6c1f78903f" },
      { "_id": "64c7b1f7c19a0b6c1f789047", "stateName": "Western Australia", "countryId": "64c7b1f7c19a0b6c1f78903f" }
  ]